<?xml version="1.0" encoding="UTF-8"?>
<GenRun Id="blk_mem_synth_1" LaunchPart="xc7a100tfgg484-1" LaunchTime="1622790761">
  <File Type="PA-TCL" Name="blk_mem.tcl"/>
  <File Type="RDS-PROPCONSTRS" Name="blk_mem_drc_synth.rpt"/>
  <File Type="REPORTS-TCL" Name="blk_mem_reports.tcl"/>
  <File Type="RDS-RDS" Name="blk_mem.vds"/>
  <File Type="RDS-UTIL" Name="blk_mem_utilization_synth.rpt"/>
  <File Type="RDS-UTIL-PB" Name="blk_mem_utilization_synth.pb"/>
  <File Type="RDS-DCP" Name="blk_mem.dcp"/>
  <File Type="VDS-TIMINGSUMMARY" Name="blk_mem_timing_summary_synth.rpt"/>
  <File Type="VDS-TIMING-PB" Name="blk_mem_timing_summary_synth.pb"/>
  <FileSet Name="sources" Type="BlockSrcs" RelSrcDir="$PSRCDIR/blk_mem">
    <File Path="$PSRCDIR/sources_1/ip/blk_mem/blk_mem.xci">
      <FileInfo>
        <Attr Name="ImportPath" Val="$PPRDIR/../project_1/project_1.srcs/sources_1/ip/blk_mem/blk_mem.xci"/>
        <Attr Name="ImportTime" Val="1622622295"/>
        <Attr Name="UsedIn" Val="synthesis"/>
        <Attr Name="UsedIn" Val="implementation"/>
        <Attr Name="UsedIn" Val="simulation"/>
      </FileInfo>
    </File>
    <Config>
      <Option Name="TopModule" Val="blk_mem"/>
      <Option Name="UseBlackboxStub" Val="1"/>
    </Config>
  </FileSet>
  <FileSet Name="constrs_in" Type="BlockSrcs" RelSrcDir="$PSRCDIR/blk_mem">
    <File Path="$PSRCDIR/sources_1/ip/blk_mem/blk_mem.xci">
      <FileInfo>
        <Attr Name="ImportPath" Val="$PPRDIR/../project_1/project_1.srcs/sources_1/ip/blk_mem/blk_mem.xci"/>
        <Attr Name="ImportTime" Val="1622622295"/>
        <Attr Name="UsedIn" Val="synthesis"/>
        <Attr Name="UsedIn" Val="implementation"/>
        <Attr Name="UsedIn" Val="simulation"/>
      </FileInfo>
    </File>
    <Config>
      <Option Name="TopModule" Val="blk_mem"/>
      <Option Name="UseBlackboxStub" Val="1"/>
    </Config>
  </FileSet>
  <FileSet Name="utils" Type="Utils" RelSrcDir="$PSRCDIR/utils_1">
    <Filter Type="Utils"/>
    <Config>
      <Option Name="TopAutoSet" Val="TRUE"/>
    </Config>
  </FileSet>
  <Strategy Version="1" Minor="2">
    <StratHandle Name="Vivado Synthesis Defaults" Flow="Vivado Synthesis 2018">
      <Desc>Vivado Synthesis Defaults</Desc>
    </StratHandle>
    <Step Id="synth_design"/>
  </Strategy>
</GenRun>
